Name,Company,Email,Website
Praveen Kumar,CodeCrush,praveen@codecrush.com,www.codecrush.com
Ananth Raj,ByteNest,ananth@bytenest.io,www.bytenest.io
Kumar S,DataSpring,kumar@dataspring.net,www.dataspring.net
Ravi Shankar,WebWagon,ravi@webwagon.in,www.webwagon.in
Deepak Reddy,CloudCrate,deepak@cloudcrate.org,www.cloudcrate.org
Suresh Babu,DevGears,suresh@devgears.com,www.devgears.com
Arun Prasad,NextVertex,arun@nextvertex.io,www.nextvertex.io
Karthik M,BrightLayer,karthik@brightlayer.com,www.brightlayer.com
Venkat Iyer,SnapSolutions,venkat@snapsolutions.net,www.snapsolutions.net
Rajesh Nair,PixelBay,rajesh@pixelbay.in,www.pixelbay.in
Naveen Das,SkyNetics,naveen@skynetics.org,www.skynetics.org
Manoj S,CodeBlitz,manoj@codeblitz.dev,www.codeblitz.dev
Vignesh T,NovaStack,vignesh@novastack.com,www.novastack.com
Balaji M,InfinoTech,balaji@infinotech.io,www.infinotech.io
Sathish K,LogicSphere,sathish@logicsphere.net,www.logicsphere.net
